"","Levels","Coefficient","Null_model_median","Null_model_min","Null_model_max","p.value"
"1",2,0.0949157995752499,0.0949157995752499,-0.379663198301,0.332205298513375,0.579
