"Treeid","Type","TTD"
"tree","X",1.15555555555556
"tree","Y",2.53333333333333
